normal,categories,continuous
1.18967414,a,1.0
0.6890354,b,2.0
,--,3.0
0.59974108,,4.0
-0.60540635,c,
-1.09386669,a,6.0
,a,7.0
-0.76832405,c,
-0.39621923,a,9.0
-0.91401358,,10.0
